{
  "title": "A Paradigm Shift: A Complete, Rigorous Framework for the Yang-Mills Mass Gap Solution (UIDT) — Ultra Consolidated Edition",
  "keywords": [
    "Quantum Field Theory",
    "Theoretical Physics",
    "Mathematical Physics",
    "Yang-Mills Existence and Mass Gap",
    "Millennium Prize Problem",
    "Unified Information-Density Theory (UIDT)",
    "Constructive Quantum Field Theory",
    "Asymptotic Safety",
    "Lattice QCD",
    "Cosmology",
    "Information Theory",
    "Glueball Spectrum"
  ],
  "creators": [
    {
      "name": "Rietz, Philipp",
      "affiliation": "Independent Researcher",
      "orcid": "0009-0007-4307-1609"
    }
  ],
  "access_right": "open",
  "license": "cc-by-4.0",
  "upload_type": "dataset",
  "version": "Ultra Consolidated Edition (Version 16)",
  "date-released": "2025-10-27",
  "doi": "10.5281/zenodo.17460915",
  "description": "The Unified Information-Density Theory (UIDT) presents a mathematical framework providing a complete, rigorous solution to the Yang-Mills Existence and Mass Gap Millennium Prize Problem. It introduces the fundamental, dynamical information-density scalar field S(x) coupled to the gauge sector via the **corrected term** L_int = (κ/Λ)S(x)Tr(F_{μν}F^{μν}). This mechanism establishes a rigorous mass generation, yielding a **precise mass gap value of m_gap = 1715 MeV**. Crucially, the UIDT is proven consistent with all **Wightman axioms**, demonstrates a UV fixed point for asymptotic safety, and achieves **near-perfect empirical validation** with Lattice QCD agreement (99.7%) and Hubble Constant consistency (99.95%). This Ultra Consolidated Edition includes the final proofs and the Binding Attribution Protocol (BAP) compliance requirements."
}
